<?xml version="1.0" encoding="utf-8"?>
<!DOCTYPE install SYSTEM "http://dev.joomla.org/xml/1.5/component-install.dtd">
<install type="component" version="1.5.14">
	<name>Agenda</name>
	<creationDate>Tue, 17 Nov 2009 16:19:09</creationDate>
	<author>Le Dinh Thuong</author>
	<copyright>(C) 2009 All rights reserved.</copyright>
	<license></license>
	<authorEmail>navaroiss@gmail.com</authorEmail>
	<authorUrl></authorUrl>
	<version>1.5.14</version>
	<description>Generated by Joomla Admin Generator.</description>
	<installfile>install.com_agenda.php</installfile>
	<uninstallfile>uninstall.com_agenda.php</uninstallfile>
	
	<files>
		<!--<filename></filename>-->
	</files>
	<languages>
		<!--<language tag="de-DE">de-DE.mod_mmsblog_images.ini</language>-->
	</languages>

	<administration>
		<menu link="option=com_agenda" img="js/ThemeOffice/component.png">Agenda</menu>
		<submenu><menu link="option=com_agenda&amp;c=category" img="js/ThemeOffice/component.png">Category</menu>
<menu link="option=com_agenda&amp;c=event" img="js/ThemeOffice/component.png">Event</menu>
</submenu>
		<files>
			<!--<folder>assets</folder>-->
			
			<filename>views/admin.event.html.php</filename>
<filename>views/admin.category.html.php</filename>
<filename>assets/images/.svn/format</filename>
<filename>assets/images/.svn/prop-base/edit.png.svn-base</filename>
<filename>assets/images/.svn/text-base/edit.png.svn-base</filename>
<filename>assets/images/.svn/entries</filename>
<filename>assets/images/edit.png</filename>
<filename>models/models.php</filename>
<filename>models/helper.php</filename>
<filename>controllers/interface.php</filename>
<filename>controllers/event.php</filename>
<filename>controllers/category.php</filename>
<filename>install.com_agenda.php</filename>
<filename>agenda.php</filename>
<filename>uninstall.com_agenda.php</filename>

		</files>
		<languages folder="language">
			<!--<language tag="de-DE">de-DE.com_mmsblog.menu.ini</language>-->
		</languages>
	</administration>
</install>
